device,AMD Radeon 8060S Graphics,gfx1151,hip,70253211,compiler,15.3.0
type,bytes,history,iteration,total_ms,reassignment_ms,idle_bytes,foreground_bytes,idle_copy_ms,foreground_copy_ms,residual_wait_ms,stream_wait_ms
sample,1073741824,idle,0,17.639676,0.011181,1073741824,0,17.210267,0.000000,0.010831,0.028716
sample,1073741824,idle,1,17.647491,0.002966,1073741824,0,17.431972,0.000000,0.002756,0.022388
sample,1073741824,idle,2,17.248538,0.002244,1073741824,0,16.917676,0.000000,0.002064,0.028402
sample,1073741824,idle,3,18.126073,0.001934,1073741824,0,17.728100,0.000000,0.001774,0.039303
sample,1073741824,idle,4,17.792574,0.001883,1073741824,0,17.620364,0.000000,0.001603,0.020774
sample,1073741824,zero-idle,0,16.514784,16.513622,0,1073741824,0.000000,16.426705,16.513322,0.013881
sample,1073741824,zero-idle,1,17.335843,17.334641,0,1073741824,0.000000,17.248668,17.334481,0.013418
sample,1073741824,zero-idle,2,16.847442,16.846200,0,1073741824,0.000000,16.760825,16.845990,0.013447
sample,1073741824,zero-idle,3,17.119305,17.118293,0,1073741824,0.000000,17.032074,17.118132,0.014007
sample,1073741824,zero-idle,4,17.026249,17.024936,0,1073741824,0.000000,16.939545,17.024636,0.013314
sample,1073741824,mid-spill,0,17.371179,7.532545,536870912,536870912,9.633510,7.477891,7.532225,0.021902
sample,1073741824,mid-spill,1,17.240453,7.568373,536870912,536870912,9.464584,7.519437,7.568223,0.024266
sample,1073741824,mid-spill,2,17.016441,7.609871,536870912,536870912,9.213030,7.554685,7.609651,0.022232
sample,1073741824,mid-spill,3,17.100138,7.627765,536870912,536870912,9.280072,7.582173,7.627555,0.020411
sample,1073741824,mid-spill,4,17.220596,7.727914,536870912,536870912,9.282637,7.682340,7.727664,0.024794
sample,6442450944,idle,0,95.427132,0.007183,6442450944,0,93.702504,0.000000,0.006753,0.114359
sample,6442450944,idle,1,94.717945,0.005741,6442450944,0,93.284824,0.000000,0.005501,0.107699
sample,6442450944,idle,2,94.350362,0.006763,6442450944,0,92.855013,0.000000,0.006462,0.106852
sample,6442450944,idle,3,96.433521,0.007314,6442450944,0,94.894258,0.000000,0.007073,0.112285
sample,6442450944,idle,4,98.224799,0.014658,6442450944,0,95.052140,0.000000,0.014357,0.164916
sample,6442450944,zero-idle,0,93.639882,93.638529,0,6442450944,0.000000,93.122459,93.638229,0.081664
sample,6442450944,zero-idle,1,93.970876,93.968933,0,6442450944,0.000000,93.454845,93.968743,0.080409
sample,6442450944,zero-idle,2,93.679106,93.677633,0,6442450944,0.000000,93.157454,93.677423,0.081635
sample,6442450944,zero-idle,3,93.724382,93.722809,0,6442450944,0.000000,93.210198,93.722538,0.080679
sample,6442450944,zero-idle,4,93.697250,93.696428,0,6442450944,0.000000,93.182370,93.696308,0.080705
sample,6442450944,mid-spill,0,94.742742,46.036879,3221225472,3221225472,48.103089,45.770185,46.036619,0.091131
sample,6442450944,mid-spill,1,96.136900,45.955425,3221225472,3221225472,48.876463,45.684484,45.955165,0.128327
sample,6442450944,mid-spill,2,95.770841,45.924127,3221225472,3221225472,48.422738,45.648948,45.923836,0.133719
sample,6442450944,mid-spill,3,94.473814,45.997364,3221225472,3221225472,47.785107,45.733215,45.997094,0.094407
sample,6442450944,mid-spill,4,95.715526,45.821383,3221225472,3221225472,48.486733,45.539029,45.821062,0.127438
